ICD-9,Description,ICD-10,Description,,,
Pregnancy with abortive outcome (O00-O08),,,,,,
633,Abdominal pregnancy without intrauterine pregnancy,O00.0,Abdominal pregnancy,,,
633.1,Tubal pregnancy without intrauterine pregnancy,O00.1,Tubal pregnancy,,,
633.2,Ovarian pregnancy without intrauterine pregnancy,O00.2,Ovarian pregnancy,,,
633.8,Other ectopic pregnancy without intrauterine pregnancy,O00.8,Other ectopic pregnancy,,,
633.9,Unspecified ectopic pregnancy without intrauterine pregnancy,O00.9,"Ectopic pregnancy, unspeci?ed",,,
630,Hydatidiform mole,O01,Hydatidiform mole,,,
,,O01.0,Classical hydatidiform mole,,,
,,O01.1,Incomplete and partial hydatidiform mole,,,
,,O01.9,"Hydatidiform mole, unspeci?ed",,,
631.8,Other abnormal products of conception,O02,Other abnormal products of conception,,,
631.8,Other abnormal products of conception,O02.0,Blighted ovum and nonhydatidiform mole,,,
632,Missed abortion,O02.1,Missed abortion,,,
631.8,Other abnormal products of conception,O02.8,Other speci?ed abnormal products of conception,,,
631.8,Other abnormal products of conception,O02.9,"Abnormal product of conception, unspeci?ed",,,
634-,Spontaneous abortion,O03,Spontaneous abortion,,,
634.01,"Spontaneous abortion, complicated by genital tract and pelvic infection, incomplete",O03.0,"Spontaneous abortion, incomplete, complicated by genital tract and pelvic infection",,,
634.11,"Spontaneous abortion, complicated by delayed or excessive hemorrhage, incomplete",O03.1,"Spontaneous abortion, incomplete, complicated by delayed or excessive hemorrhage",,,
634.61,"Spontaneous abortion, complicated by embolism, incomplete",O03.2,"Spontaneous abortion, incomplete, complicated by embolism",,,
634.81,"Spontaneous abortion, with unspecified complication, incomplete",O03.3,"Spontaneous abortion, incomplete, with other and unspeci?ed complications",,,
634.91,"Spontaneous abortion, without mention of complication, incomplete",O03.4,"Spontaneous abortion, incomplete, without complication",,,
634,"Spontaneous abortion, complicated by genital tract and pelvic infection, unspecified",O03.5,Genital tract and pelvic infection following complete or unspecified spontaneous abortion,,,
634.02,"Spontaneous abortion, complicated by genital tract and pelvic infection, complete",,,,,
634.1,"Spontaneous abortion, complicated by delayed or excessive hemorrhage, unspecified",O03.6,"Spontaneous abortion, complete or unspeci?ed, complicated by delayed or excessive hemorrhage",,,
634.12,"Spontaneous abortion, complicated by delayed or excessive hemorrhage, complete",,,,,
634.6,"Spontaneous abortion, complicated by embolism, unspecified",O03.7,"Spontaneous abortion, complete or unspeci?ed, complicated by embolism",,,
634.62,"Spontaneous abortion, complicated by embolism, complete",,,,,
634.82,"Spontaneous abortion, with unspecified complication, complete",O03.8,"Spontaneous abortion, complete or unspeci?ed, with other and unspeci?ed complications",,,
634.9,"Spontaneous abortion, without mention of complication, unspecified",O03.9,"Spontaneous abortion, complete or unspeci?ed, without complication",,,
634.92,"Spontaneous abortion, without mention of complication, complete",,,,,
635-,Legally induced abortion,O04.0,Medical abortion,,,
635.11,"Legally induced abortion, complicated by delayed or excessive hemorrhage, incomplete",O04.1,"Medical abortion, incomplete, complicated by delayed or excessive hemorrhage",,,
635.6q,"Legally induced abortion, complicated by embolism, incomplete",O04.2,"Medical abortion, incomplete, complicated by embolism",,,
635.81,"Legally induced abortion, with unspecified complication, incomplete",O04.3,"Medical abortion, incomplete, with other and unspeci?ed complications",,,
635.91,"Legally induced abortion, without mention of complication, incomplete",O04.4,"Medical abortion, incomplete, without complication",,,
635.02,"Legally induced abortion, complicated by genital tract and pelvic infection, complete",O04.5,"Medical abortion, complete or unspeci?ed, complicated by genital tract and pelvic infection",,,
635,"Legally induced abortion, complicated by genital tract and pelvic infection, unspecified",,,,,
635.12,"Legally induced abortion, complicated by delayed or excessive hemorrhage, complete",O04.6,"Medical abortion, complete or unspeci?ed, complicated by delayed or excessive hemorrhage",,,
635.1,"Legally induced abortion, complicated by delayed or excessive hemorrhage, unspecified",,,,,
635.62,"Legally induced abortion, complicated by embolism, complete",O04.7,"Medical abortion, complete or unspeci?ed, complicated by embolism",,,
635.6,"Legally induced abortion, complicated by embolism, unspecified",,,,,
635.8,"Legally induced abortion, with unspecified complication, unspecified",O04.8,"Medical abortion, complete or unspeci?ed, with other and unspeci?ed complications",,,
635.92,"Legally induced abortion without mention of complication, complete",O04.9,"Medical abortion, complete or unspeci?ed, without complication",,,
635.9,"Legally induced abortion without mention of complication, unspecified",,,,,
?,?,O05,Other abortion,,,
,,O05.0,"Other abortion, incomplete, complicated by genital tract and pelvic infection",,,
,,O05.1,"Other abortion, incomplete, complicated by delayed or excessive hemorrhage",,,
,,O05.2,"Other abortion, incomplete, complicated by embolism",,,
,,O05.3,"Other abortion, incomplete, with other and unspeci?ed complications",,,
,,O05.4,"Other abortion, incomplete, without complication",,,
,,O05.5,"Other abortion, complete or unspeci?ed, complicated by genital tract and pelvic infection",,,
,,O05.6,"Other abortion, complete or unspeci?ed, complicated by delayed or excessive hemorrhage",,,
,,O05.7,"Other abortion, complete or unspeci?ed, complicated by embolism",,,
,,O05.8,"Other abortion, complete or unspeci?ed, with other and unspeci?ed complications",,,
,,O05.9,"Other abortion, complete or unspeci?ed, without complication",,,
637-,Unspecified abortion,O06,Unspeci?ed abortion,,,
637.01,"Unspecified abortion, complicated by genital tract and pelvic infection, incomplete",O06.0,"Unspeci?ed abortion, incomplete, complicated by genital tract and pelvic infection",,,
637.11,"Unspecified abortion, complicated by delayed or excessive hemorrhage, incomplete",O06.1,"Unspeci?ed abortion, incomplete, complicated by delayed or excessive hemorrhage",,,
637.61,"Unspecified abortion, complicated by embolism, incomplete",O06.2,"Unspeci?ed abortion, incomplete, complicated by embolism",,,
637.81,"Unspecified abortion, with unspecified complication, incomplete",O06.3,"Unspeci?ed abortion, incomplete, with other and unspeci?ed complications",,,
637.91,"Unspecified abortion, without mention of complication, incomplete",O06.4,"Unspeci?ed abortion, incomplete, without complication",,,
637,Unspecified abortion complicated by genital tract and pelvic infection,O06.5,"Unspeci?ed abortion, complete or unspeci?ed, complicated by genital tract and pelvic infection",,,
637.1,Unspecified abortion complicated by delayed or excessive hemorrhage,O06.6,"Unspeci?ed abortion, complete or unspeci?ed, complicated by delayed or excessive hemorrhage",,,
637.6,"Unspecified abortion, complicated by embolism",O06.7,"Unspeci?ed abortion, complete or unspeci?ed, complicated by embolism",,,
637.8,"Unspecified abortion, with unspecified complication",O06.8,"Unspeci?ed abortion, complete or unspeci?ed, with other and unspeci?ed complications",,,
637.9,"Unspecified abortion, without mention of complication",O06.9,"Unspeci?ed abortion, complete or unspeci?ed, without complication",,,
638,Failed attempted abortion,O07,Failed attempted abortion,,,
638,Failed attempted abortion complicated by genital tract and pelvic infection,O07.0,"Failed medical abortion, complicated by genital tract and pelvic infection",,,
638.1,Failed attempted abortion complicated by delayed or excessive hemorrhage,O07.1,"Failed medical abortion, complicated by delayed or excessive hemorrhage",,,
638.6,Failed attempted abortion complicated by embolism,O07.2,"Failed medical abortion, complicated by embolism",,,
638.8,Failed attempted abortion with unspecified complication,O07.3,"Failed medical abortion, with other and unspeci?ed complications",,,
638.9,Failed attempted abortion without mention of complication,O07.4,"Failed medical abortion, without complication",,,
?,?,O07.5,"Other and unspeci?ed failed attempted abortion, complicated by genital tract and pelvic infection",,,
,,O07.6,"Other and unspeci?ed failed attempted abortion, complicated by delayed or excessive hemorrhage",,,
,,O07.7,"Other and unspeci?ed failed attempted abortion, complicated by embolism",,,
,,O07.8,"Other and unspeci?ed failed attempted abortion, with other and unspeci?ed complications",,,
,,O07.9,"Other and unspeci?ed failed attempted abortion, without complication",,,
,,,,,,
"Edema, proteinuria, and hypertensive disorders in pregnancy, childbirth, and the puerperium (O10-O16)",,,,,,
642.2,Other pre-existing hypertension complicating pregnancy childbirth and the puerperium,O10,"Preexisting hypertension complicating pregnancy, childbirth, and the puerperium",,,
642.2,Other pre-existing hypertension complicating pregnancy childbirth and the puerperium,O10.0,"Preexisting essential hypertension complicating pregnancy, childbirth, and the puerperium",,,
,,O10.1,"Preexisting hypertensive heart disease complicating pregnancy, childbirth, and the puerperium",,,
,,O10.2,"Preexisting hypertensive renal disease complicating pregnancy, childbirth, and the puerperium",,,
,,O10.3,"Preexisting hypertensive heart and renal disease complicating pregnancy, childbirth, and the puerperium",,,
,,O10.4,"Preexisting secondary hypertension complicating pregnancy, childbirth, and the puerperium",,,
,,O10.9,"Unspeci?ed preexisting hypertension complicating pregnancy, childbirth, and the puerperium",,,
,,O11,Preexisting hypertensive disorder with superimposed proteinuria,,,
,,O12,Gestational pregnancy–induced edema and proteinuria without hypertension,,,
646.11,"Edema or excessive weight gain in pregnancy, without mention of hypertension,delivered, with or without mention of antepartum complication",O12.0,Gestational edema,,,
,,O12.1,Gestational proteinuria,,,
,,O12.2,Gestational edema with proteinuria,,,
,,O13,Gestational pregnancy–induced hypertension without signi?cant proteinuria,,,
,,O14,Gestational pregnancy–induced hypertension with signi?cant proteinuria,,,
,,O14.0,Moderate preeclampsia,,,
642.5,Severe pre-eclampsia,O14.1,Severe preeclampsia,,,
,,O14.2,HELLP syndrome,,,
642.4,Mild or unspecified pre-eclampsia,O14.9,"Preeclampsia, unspeci?ed",,,
642.6-,Eclampsia,O15,Eclampsia,,,
642.6,Eclampsia complicating pregnancy childbirth or the puerperium,O15.0,Eclampsia in pregnancy,,,
642.61,"Eclampsia, delivered, with or without mention of antepartum condition",O15.1,Eclampsia in labor,,,
642.44,"Mild or unspecified pre-eclampsia, postpartum condition or complication",O15.2,Eclampsia in the puerperium,,,
642.64,"Eclampsia, postpartum condition or complication",,,,,
642.72,"Pre-eclampsia or eclampsia superimposed on pre-existing hypertension, delivered, with mention of postpartum complication",,,,,
642.74,"Pre-eclampsia or eclampsia superimposed on pre-existing hypertension, postpartum condition or complication",,,,,
642.6,"Eclampsia, unspecified as to episode of care or not applicable",O15.9,"Eclampsia, unspeci?ed as to time period",,,
642.9,Unspecified hypertension complicating pregnancy childbirth or the puerperium,O16,Unspeci?ed maternal hypertension,,,
,,,,,,
Other maternal disorders predominantly related to pregnancy (O20–O29),,,,,,
640,Hemorrhage in early pregnancy,O20,Hemorrhage in early pregnancy,,,
640.03,"Threatened abortion, antepartum condition or complication",O20.0,Threatened abortion,,,
640.83,"Other specified hemorrhage in early pregnancy, antepartum condition or complication",O20.8,Other hemorrhage in early pregnancy,,,
640.93,"Unspecified hemorrhage in eaerly pregnancy, antepartum condition or complication",O20.9,"Hemorrhage in early pregnancy, unspeci?ed",,,
643,Excessive vomiting in pregnancy,O21,Excessive vomiting in pregnancy,,,
643.03,"Mild hyperemesis gravidarum, antepartum condition or complication",O21.0,Mild hyperemesis gravidarum,,,
643.13,"Hyperemesis gravidarum with metabolic disturbance, antepartum condition or complication",O21.1,Hyperemesis gravidarum with metabolic disturbance,,,
643.23,"Late vomiting of pregnancy, antepartum condition or complication",O21.2,Late vomiting of pregnancy,,,
643.83,"Other vomiting complicating pregnancy, antepartum condition or complication",O21.8,Other vomiting complicating pregnancy,,,
643.93,"Unspecified vomiting or pregnancy, antepartum condition or complication",O21.9,"Vomiting of pregnancy, unspeci?ed",,,
671,Venous complications in pregnancy and the puerperium,O22,Venous complications in pregnancy,,,
671,Varicose veins of legs in pregnancy and the puerperium,O22.0,Varicose veins of lower extremity in pregnancy,,,
671.13,"Varicose veins of vulva and perineum complicating pregnancy and the puerperium, antepartum condition or complication",O22.1,Genital varices in pregnancy,,,
671.2,Superficial thrombophlebitis in pregnancy and the puerperium,O22.2,Super?cial thrombophlebitis in pregnancy,,,
671.33,"Deep phlebothrombosis, antepartum, antepartum condition or complication",O22.3,Deep phlebothrombosis in pregnancy,,,
,,O22.4,Hemorrhoids in pregnancy,,,
,,O22.5,Cerebral venous thrombosis in pregnancy,,,
,,O22.8,Other venous complications in pregnancy,,,
671.93,"Unspecified venous complication of pregnancy and the puerperium, antepartum condition or complication",O22.9,"Venous complication in pregnancy, unspeci?ed; Gestational phlebitis NOS; Gestational phlebopathy NOS; Gestational thrombosis NOS",,,
646.6,Infections of genitourinary tract in pregnancy,O23,Infections of genitourinary tract in pregnancy,,,
,,O23.0,Infections of kidney in pregnancy,,,
,,O23.1,Infections of bladder in pregnancy,,,
,,O23.2,Infections of urethra in pregnancy,,,
,,O23.3,Infections of other parts of urinary tract in pregnancy,,,
,,O23.4,Unspeci?ed infection of urinary tract in pregnancy,,,
,,O23.5,Infections of the genital tract in pregnancy,,,
,,O23.9,Other and unspeci?ed genitourinary tract infection in pregnancy,,,
648,Diabetes mellitus complicating pregnancy childbirth or the puerperium,O24,Diabetes mellitus in pregnancy,,,
,,O24.0,"Preexisting diabetes mellitus, insulin-dependent",,,
,,O24.1,"Preexisting diabetes mellitus, non–insulin-dependent",,,
,,O24.2,Preexisting malnutrition-related diabetes mellitus,,,
,,O24.3,"Preexisting diabetes mellitus, unspeci?ed",,,
,,O24.4,Diabetes mellitus arising in pregnancy,,,
,,O24.9,"Diabetes mellitus in pregnancy, unspeci?ed",,,
,,O25,Malnutrition in pregnancy,,,
,,O26,Maternal care for other conditions predominantly related to pregnancy,,,
646.1,Edema or excessive weight gain in pregnancy without mention of hypertension,O26.0,Excessive weight gain in pregnancy,,,
,,O26.1,Low weight gain in pregnancy,,,
646.3,Habitual aborter currently pregnant,O26.2,Pregnancy care of habitual aborter,,,
,,O26.3,Retained intrauterine contraceptive device in pregnancy,,,
,,O26.4,Herpes gestationis,,,
669.2,Maternal hypotension syndrome,O26.5,Maternal hypotension syndrome,,,
646.7,"Liver and biliary disorders in pregnancy, unspecified as to episode of care or not applicable",O26.6,"Liver disorders in pregnancy, childbirth, and the puerperium",,,
,,O26.7,"Subluxation of symphysis pubis in pregnancy, childbirth, and the puerperium",,,
,,O26.8,Other speci?ed pregnancy-related conditions,,,
,,O26.9,"Pregnancy-related condition, unspeci?ed",,,
796.5,Abnormal finding on antenatal screening,O28,Abnormal ?ndings on antenatal screening of mother,,,
,,O28.0,Abnormal hematological ?nding on antenatal screening of mother,,,
,,O28.1,Abnormal biochemical ?nding on antenatal screening of mother,,,
,,O28.2,Abnormal cytological ?nding on antenatal screening of mother,,,
,,O28.3,Abnormal ultrasonic ?nding on antenatal screening of mother,,,
,,O28.4,Abnormal radiological ?nding on antenatal screening of mother,,,
,,O28.5,Abnormal chromosomal and genetic ?nding on antenatal screening of mother,,,
,,O28.8,Other abnormal ?ndings on antenatal screening of mother,,,
,,O28.9,"Abnormal ?nding on antenatal screening of mother, unspeci?ed",,,
,,O29,Complications of anesthesia during pregnancy,,,
668.0-,Pulmonary complications of anesthesia or other sedation in labor and delivery,O29.0,Pulmonary complications of anesthesia during pregnancy,,,
668.1-,Cardiac complications of anesthesia or other sedation in labor and delivery,O29.1,Cardiac complications of anesthesia during pregnancy,,,
668.2-,Central nervous system complications of anesthesia or other sedation in labor and delivery,O29.2,Central nervous system complications of anesthesia during pregnancy,,,
,,O29.3,Toxic reaction to local anesthesia during pregnancy,,,
,,O29.4,Spinal and epidural anesthesia-induced headache during pregnancy,,,
,,O29.5,Other complications of spinal and epidural anesthesia during pregnancy,,,
,,O29.6,Failed or dif?cult intubation during pregnancy,,,
668.8-,Other complications of anesthesia or other sedation in labor and delivery,O29.8,Other complications of anesthesia during pregnancy,,,
668.9-,Unspecified complication of anesthesia or other sedation in labor and delivery,O29.9,"Complication of anesthesia during pregnancy, unspeci?ed",,,
,,,,,,
Maternal care related to the fetus and amniotic cavity and possible delivery problems (O30–O48),,,,,,
651,Multiple gestation,O30,Multiple gestation,,,
651,Twin pregnancy,O30.0,Twin pregnancy,,,
651.1,Triplet pregnancy,O30.1,Triplet pregnancy,,,
651.2,Quadruplet pregnancy,O30.2,Quadruplet pregnancy,,,
651.8,Other specified multiple gestation,O30.8,Other multiple gestation,,,
651.8,"Other specified multiple gestation, unspecified as to episode of care or not applicable",O30.9,"Multiple gestation, unspeci?ed; Multiple pregnancy NOS",,,
651.83,"Other specified multiple gestation, antepartum condition or complication",O31,Complications speci?c to multiple gestation,,,
646,Papyraceous fetus,O31.0,Papyraceous fetus,,,
,,O31.1,Continuing pregnancy after abortion of one fetus or more,,,
656.4-,Intrauterine death affecting management of mother,O31.2,Continuing pregnancy after intrauterine death of one fetus or more,,,
,,O31.8,Other complications speci?c to multiple gestation,,,
,,O32,Maternal care for known or suspected malpresentation of fetus,,,
652.0-,Unstable lie of fetus,O32.0,Maternal care for unstable lie,,,
652-,Breech presentation,O32.1,Maternal care for breech presentation,,,
652.3,Transverse or oblique presentation of fetus,O32.2,Maternal care for transverse and oblique lie,,,
652.4-,Face or brow presentation of fetus,O32.3,"Maternal care for face, brow, and chin presentation",,,
652.5-,High fetal head at term,O32.4,Maternal care for high head at term,,,
652.6,Multiple gestation with malpresentation of one fetus or more,O32.5,Maternal care for multiple gestation with malpresentation of one fetus or more,,,
,,O32.6,Maternal care for compound presentation,,,
652.8,Other specified malposition or malpresentation of fetus,O32.8,Maternal care for other malpresentation of fetus,,,
652.9,Unspecified malposition or malpresentation of fetus,O32.9,"Maternal care for malpresentation of fetus, unspeci?ed",,,
653,Disproportion in pregnancy labor and delivery,O33,Maternal care for known or suspected disproportion,,,
648.71,"Bone and joint disorders of back, pelvis, and lower limbs of mother, delivered, with or without mention of antepartum condition",O33.0,Maternal care for disproportion due to deformity of maternal pelvic bones,,,
648.72,"Bone and joint disorders of back, pelvis, and lower limbs of mother, delivered, with mention of postpartum complication",,,,,
653.01,"Major abnormality of bony pelvis, not further specified, delivered, with or without mention of antepartum condition",,,,,
653.11,"Generally contracted pelvis, delivered, with or without mention of antepartum condition",O33.1,Maternal care for disproportion due to generally contracted pelvis,,,
653.13,"Generally contracted pelvis, antepartum condition or complication",,,,,
653.21,"Inlet contraction of pelvis, delivered, with or without mention of antepartum condition",O33.2,Maternal care for disproportion due to inlet contraction of pelvis,,,
653.23,"Inlet contraction of pelvis, antepartum condition or complication",,,,,
,,O33.3,Maternal care for disproportion due to outlet contraction of pelvis,,,
,,O33.4,Maternal care for disproportion of mixed maternal and fetal origin,,,
635.5,"Unusually large fetus causing disproportion, unspecified as to episode of care or not applicable",O33.5,Maternal care for disproportion due to unusually large fetus,,,
653.63,"Hydrocephalic fetus causing disproportion, antepartum condition or complication",O33.6,Maternal care for disproportion due to hydrocephalic fetus,,,
653.71,"Other fetal abnormality causing disproportion, delivered, with or without mention of antepartum condition",O33.7,Maternal care for disproportion due to other fetal deformities; Conjoined twins,,,
653.73,"Other fetal abnormality causing disproportion, antepartum condition or complication",,,,,
653.81,"Disproportion of other origin, delivered, with or without mention of antepartum condition",O33.8,Maternal care for disproportion of other origin,,,
653.83,"Disproportion of other origin, antepartum condition or complication",,,,,
653.91,"Unspecified disproportion, delivered, with or without mention of antepartum condition",O33.9,"Maternal care for disproportion, unspeci?ed; Cephalopelvic disproportion NOS; Fetopelvic disproportion NOS",,,
653.93,"Unspecified disproportion, antepartum condition or complication",,,,,
,,O34,Maternal care for known or suspected abnormality of pelvic organs,,,
654,Congenital abnormalities of uterus complicating pregnancy childbirth or the puerperium,O34.0,Maternal care for congenital malformation of uterus,,,
,,O34.1,Maternal care for tumor of corpus uteri,,,
,,O34.2,Maternal care due to uterine scar from previous surgery,,,
,,O34.3,Maternal care for cervical incompetence,,,
654.6,Other congenital or aquired abnormality of cervix complicating pregnancy childbirth or the puerperium,O34.4,Maternal care for other abnormalities of cervix,,,
654.3,Retroverted and incarcerated gravid uterus,O34.5,Maternal care for other abnormalities of gravid uterus,,,
654.7-,Congenital or acquired abnormality of vagina complicating pregnancy childbirth or the puerperium,O34.6,Maternal care for abnormality of vagina,,,
654.8-,Congenital or acquired abnormality of vulva complicating pregnancy childbirth or the puerperium,O34.7,Maternal care for abnormality of vulva and perineum,,,
,,O34.8,Maternal care for other abnormalities of pelvic organs,,,
,,O34.9,"Maternal care for abnormality of pelvic organ, unspeci?ed",,,
,,O35,Maternal care for known or suspected fetal abnormality and damage,,,
655.0-,Central nervous system malformation in fetus affecting management of mother,O35.0,Maternal care for (suspected) central nervous system malformation in fetus,,,
655.1-,Chromosomal abnormality in fetus affecting management of mother,O35.1,Maternal care for (suspected) chromosomal abnormality in fetus,,,
655.2-,Hereditary disease in family possibly affecting fetus affecting management of mother,O35.2,Maternal care for (suspected) hereditary disease in fetus,,,
655.3-,Suspected damage to fetus from viral disease in the mother affecting management of mother,O35.3,Maternal care for (suspected) damage to fetus from viral disease in mother,,,
760.71,Alcohol affecting fetus or newborn via placenta or breast milk,O35.4,Maternal care for (suspected) damage to fetus from alcohol,,,
655.5-,Suspected damage to fetus from drugs affecting management of mother,O35.5,Maternal care for (suspected) damage to fetus by drugs,,,
655.6-,Suspected damage to fetus from radiation affecting management of mother,O35.6,Maternal care for (suspected) damage to fetus by radiation,,,
,,O35.7,Maternal care for (suspected) damage to fetus by other medical procedures,,,
,,O35.8,Maternal care for other (suspected) fetal abnormality and damage,,,
,,O35.9,"Maternal care for (suspected) fetal abnormality and damage, unspeci?ed",,,
,,O36,Maternal care for other known or suspected fetal problems,,,
656.1-,Rhesus isoimmunization affecting management of mother,O36.0,Maternal care for rhesus isoimmunization,,,
656.2-,Isoimmunization from other and unspecified blood-group incompatibility affecting management of mother,O36.1,Maternal care for other isoimmunization,,,
773.3,Hydrops fetalis due to isoimmunization,O36.2,Maternal care for hydrops fetalis,,,
,,O36.3,Maternal care for signs of fetal hypoxia,,,
656.4,Intrauterine death affecting management of mother,O36.4,Maternal care for intrauterine death,,,
656.5,Poor fetal growth affecting management of mother,O36.5,Maternal care for poor fetal growth,,,
656.6,Excessive fetal growth affecting management of mother,O36.6,Maternal care for excessive fetal growth,,,
,,O36.7,Maternal care for viable fetus in abdominal pregnancy,,,
,,O36.8,Maternal care for other speci?ed fetal problems,,,
,,O36.9,"Maternal care for fetal problem, unspeci?ed",,,
657,Polyhydraminos,O40,Polyhydramnios,,,
658,Other problems associated with amniotic cavity and membranes,O41,Other disorders of amniotic ?uid and membranes,,,
658,Oligohydraminos,O41.0,Oligohydramnios; Oligohydramnios without mention of rupture of membranes,,,
658.4,Infection of amniotic cavity,O41.1,Infection of amniotic sac and membranes; Chorioamnionitis,,,
,,O41.8,Other speci?ed disorders of amniotic ?uid and membranes,,,
658.9,Unspecified problem associated with amniotic cavity and membranes,O41.9,"Disorder of amniotic ?uid and membranes, unspeci?ed",,,
658.1,Premature rupture of membranes,O42,Premature rupture of membranes,,,
658.13,"Premature rupture of membranes, antepartum condition or complication",O42.0,"Premature rupture of membranes, onset of labor within",,,
658.11,"Premature rupture of membranes, delivered, with or without mention of antepartum condition or complication",O42.1,"Premature rupture of membranes, onset of labor after",,,
658.2,Delayed delivery after spontaneous or unspecified rupture of membranes,O42.2,"Premature rupture of membranes, labor delayed by therapy",,,
658.1,"Premature rupture of membranes, unspecified as to episode of care or not applicable",O42.9,"Premature rupture of membranes, unspeci?ed",,,
,,O43,Placental disorders,,,
762.3,Placental transfusion syndromes affecting fetus or newborn,O43.0,Placental transfusion syndromes,,,
,,O43.1,Malformation of placenta; Abnormal placenta NOS; Circumvallate placenta,,,
,,O43.2,Morbidly adherent placenta,,,
,,O43.8,Other placental disorders,,,
,,O43.9,"Placental disorder, unspeci?ed",,,
,,O44,Placenta previa,,,
641,Placenta previa without hemorrhage,O44.0,Placenta previa speci?ed as without hemorrhage,,,
641.1,Hemorrhage from placenta previa,O44.1,Placenta previa with hemorrhage,,,
641.2,Premature separation of placenta,O45,Premature separation of placenta abruptio placentae,,,
641.2,Premature separation of placenta,O45.0,Premature separation of placenta with coagulation defect,,,
,,O45.8,Other premature separation of placenta,,,
641.2,"Premature separation of placenta, unspecified as to episode of care or not applicable",O45.9,"Premature separation of placenta, unspeci?ed",,,
,,O46,"Antepartum hemorrhage, not elsewhere classi?ed",,,
,,O46.0,Antepartum hemorrhage with coagulation defect,,,
,,O46.8,Other antepartum hemorrhage,,,
,,O46.9,"Antepartum hemorrhage, unspeci?ed",,,
,,O47,False labor,,,
,,O47.0,False labor before 37 completed weeks of gestation,,,
644.13,"Other threatened labor, antepartum condition or complication",O47.1,False labor at or after 37 completed weeks of gestation,,,
644.1,"Other threatened labor, unspecified as to episode of care or not applicable",O47.9,"False labor, unspeci?ed",,,
,,O48,Prolonged pregnancy,,,
,,,,,,
Complications of labor and delivery (O60–O75),,,,,,
,,O60,Preterm delivery,,,
,,O61,Failed induction of labor,,,
659.11,"Failed medical or unspecified induction of labor, delivered, with or without mention of antepartum condition",O61.0,Failed medical induction of labor,,,
659.01,"Failed mechanical induction of labor, delivered, with or without mention of antepartum condition",O61.1,Failed instrumental induction of labor,,,
659.11,"Failed medical or unspecified induction of labor, delivered, with or without mention of antepartum condition",O61.8,Other failed induction of labor,,,
,,O61.9,"Failed induction of labor, unspeci?ed",,,
,,O62,Abnormalities of forces of labor,,,
661.01,"Primary uterine intertia, delivered, with or without mention of antepartum condition",O62.0,Primary inadequate contractions,,,
661.11,"Secondary uterine inertia, delivered, with or without mention of antepartum condition",O62.1,Secondary uterine inertia,,,
661.21,"Other and unspecified uterine inertia, delivered, with or without mention of antepartum condition",O62.2,Other uterine inertia,,,
661.31,"Precipitate labor, delivered, with or without mention of antepartum condition",O62.3,Precipitate labor,,,
661.41,"Hypertonic, incoordinate, or prolonged uterine contractions, delivered, with or without mention of antepartum condition",O62.4,"Hypertonic, incoordinate, and prolonged uterine contractions",,,
661.91,"Unspecified abnormality of labor, delivered, with or without mention of antepartum condition",O62.8,Other abnormalities of forces of labor,,,
,,O62.9,"Abnormality of forces of labor, unspeci?ed",,,
662,Long labor,O63,Long labor,,,
662.01,"Prolonged first stage of labor, delivered, with or without mention of antepartum condition",O63.0,Prolonged ?rst stage (of labor),,,
662.21,"Prolonged second stage of labor, delivered, with or without mention of antepartum condition",O63.1,Prolonged second stage (of labor),,,
662.31,"Delayed delivery of second twin, triplet, etc., delivered, with or without mention of antepartum condition",O63.2,"Delayed delivery of second twin, triplet, etc.",,,
662.11,"Unspecified prolonged labor, delivered, with or without mention of antepartum condition",O63.9,"Long labor, unspeci?ed",,,
,,O64,Obstructed labor due to malposition and malpresentation of fetus,,,
,,O64.0,Obstructed labor due to incomplete rotation of fetal head,,,
763,Breech delivery and extraction affecting fetus or newborn,O64.1,Obstructed labor due to breech presentation,,,
652.4-,Face or brow presentation of fetus,O64.2,Obstructed labor due to face presentation,,,
652.4-,Face or brow presentation of fetus,O64.3,Obstructed labor due to brow presentation,,,
,,O64.4,Obstructed labor due to shoulder presentation,,,
,,O64.5,Obstructed labor due to compound presentation,,,
652.8-,Other specified malposition or malpresentation of fetus,O64.8,Obstructed labor due to other malposition and malpresentation,,,
652.9-,Unspecified malposition or malpresentation of fetus,O64.9,"Obstructed labor due to malposition and malpresentation, unspeci?ed",,,
,,O65,Obstructed labor due to maternal pelvic abnormality,,,
,,O66,Other obstructed labor,,,
660.41,"Shoulder (girdle) dystocia, delivered, with or without mention of antepartum condition",O66.0,Obstructed labor due to shoulder dystocia,,,
660.51,"Locked twins, delivered, with or without mention of antepartum condition",O66.1,Obstructed labor due to locked twins,,,
653.51,"Unusually large fetus causing disproportion, delivered, with or without mention of antepartum condition",O66.2,Obstructed labor due to unusually large fetus,,,
660.81,"Other causes of obstructed labor, delivered, with or without mention of antepartum condition",,,,,
660.81,"Other causes of obstructed labor, delivered, with or without mention of antepartum condition",O66.3,Obstructed labor due to other abnormalities of fetus,,,
,,O66.4,"Failed trial of labor, unspeci?ed",,,
660.71,"Failed forceps or vacuum extractor, unspecified, delivered, with or without mention of antepartum condition",O66.5,"Failed application of vacuum extractor and forceps, unspeci?ed",,,
669.51,"Forceps or vacuum extractor delivery without mention of indication, delivered, with or without mention of antepartum condition",,,,,
660.81,"Other causes of obstructed labor, delivered, with or without mention of antepartum condition",O66.8,Other speci?ed obstructed labor,,,
660.91,"Unspecified obstructed labor, delivered, with or without mention of antepartum condition",O66.9,"Obstructed labor, unspeci?ed",,,
,,O67,"Labor and delivery complicated by intrapartum hemorrhage, not elsewhere classi?ed",,,
641.31,"Antepartum hemorrhage associated with coagulation defects, delivered, with or without mention of antepartum condition",O67.0,Intrapartum hemorrhage with coagulation defect,,,
641.81,"Other antepartum hemorrhage, delivered, with or without mention of antepartum condition",O67.8,Other intrapartum hemorrhage,,,
641.91,"Unspecified antepartum hemorrhage, delivered, with or without mention of antepartum condition",O67.9,"Intrapartum hemorrhage, unspeci?ed",,,
656.31,"Fetal distress, affecting management of mother, delivered, with or without mention of antepartum condition",O68,Labor and delivery complicated by fetal stress distress,,,
656.81,"Other specified fetal and placental problems, affecting management of mother, delivered, with or without mention of antepartum condition",,,,,
763.82,Abnormality in fetal heart rate or rhythm during labor,O68.0,Labor and delivery complicated by fetal heart rate anomaly,,,
777.1,Meconium obstruction in fetus or newborn,O68.1,Labor and delivery complicated by meconium in amniotic ?uid,,,
,,O68.2,Labor and delivery complicated by fetal heart rate anomaly with meconium in amniotic ?uid,,,
,,O68.3,Labor and delivery complicated by biochemical evidence of fetal stress,,,
,,O68.8,Labor and delivery complicated by other evidence of fetal stress,,,
,,O68.9,"Labor and delivery complicated by fetal stress, unspeci?ed",,,
663.-,Umbilical cord complications during labor and delivery,O69,Labor and delivery complicated by umbilical cord complications,,,
663,Prolapse of cord complicating labor and delivery,O69.0,Labor and delivery complicated by prolapse of cord,,,
663.1-,Cord around neck with compression complicating labor and delivery,O69.1,"Labor and delivery complicated by cord around neck, with compression",,,
663.3-,Other and unspecified cord entanglement without mention of compression complicating labor and delivery,O69.2,Labor and delivery complicated by other cord entanglement,,,
663.4-,Short cord complicating labor and delivery,O69.3,Labor and delivery complicated by short cord,,,
663.5-,Vasa previa complicating labor and delivery,O69.4,Labor and delivery complicated by vasa previa,,,
663.6-,Vascular lesions of cord complicating labor and delivery,O69.5,Labor and delivery complicated by vascular lesion of cord,,,
,,O69.8,Labor and delivery complicated by other cord complications,,,
,,O69.9,"Labor and delivery complicated by cord complication, unspeci?ed",,,
,,O70,Perineal laceration during delivery,,,
664.01,"First-degree perineal laceration, delivered, with or without mention of antepartum condition",O70.0,First-degree perineal laceration during delivery,,,
664.04,"First-degree perineal laceration, postpartum condition or complication",,,,,
664.11,"Second-degree perineal laceration, delivered, with or without mention of antepartum condition",O70.1,Second-degree perineal laceration during delivery,,,
664.14,"Second-degree perineal laceration, postpartum condition or complication",,,,,
664.21,"Third-degree perineal laceration, delivered, with or without mention of antepartum condition",O70.2,Third-degree perineal laceration during delivery,,,
664.24,"Third-degree perineal laceration, postpartum condition or complication",,,,,
664.31,"Fourth-degree perineal laceration, delivered, with or without mention of antepartum condition",O70.3,Fourth-degree perineal laceration during delivery,,,
664.34,"Fourth-degree perineal laceration, postpartum condition or complication",,,,,
664.41,"Unspecified perineal laceration, delivered, with or without mention of antepartum condition",O70.9,"Perineal laceration during delivery, unspeci?ed",,,
664.44,"Unspecified perineal laceration, postpartum condition or complication",,,,,
,,O71,Other obstetric trauma,,,
,,O71.0,Rupture of uterus before onset of labor,,,
665.11,"Rupture of uterus during labor, delivered, with or without mention of antepartum condition",O71.1,Rupture of uterus during labor,,,
665.22,"Inversion of uterus, delivered, with mention of postpartum complication",O71.2,Postpartum inversion of uterus,,,
665.24,"Inversion of uterus, postpartum condition or complication",,,,,
665.31,"Laceration of cervix, delivered, with or without mention of antepartum condition",O71.3,Obstetric laceration of cervix,,,
665.34,"Laceration of cervix, postpartum condition or complication",,,,,
665.41,"High vaginal laceration, delivered, with or without mention of antepartum condition",O71.4,Obstetric high vaginal laceration alone,,,
665.44,"High vaginal laceration, postpartum condition or complication",,,,,
665.51,"Other injury to pelvic organs, delivered, with or without mention of antepartum condition",O71.5,Other obstetric injury to pelvic organs,,,
665.54,"Other injury to pelvic organs, postpartum condition or complication",,,,,
665.61,"Damage to pelvic joints and ligaments, delivered, with or without mention of antepartum condition",O71.6,Obstetric damage to pelvic joints and ligaments,,,
665.64,"Damage to pelvic joints and ligaments, postpartum condition or complication",,,,,
664.51,"Vulvar and perineal hematoma, delivered, with or without mention of antepartum condition",O71.7,Obstetric hematoma of pelvis,,,
664.54,"Vulvar and perineal hematoma, postpartum condition or complication",,,,,
665.71,"Pelvic hematoma, delivered, with or without mention of antepartum condition",,,,,
665.72,"Pelvic hematoma, delivered with mention of postpartum complication",,,,,
665.74,"Pelvic hematoma, postpartum condition or complication",,,,,
,,O71.8,Other speci?ed obstetric trauma,,,
665.91,"Unspecified obstetrical trauma, delivered, with or without mention of antepartum condition",O71.9,"Obstetric trauma, unspeci?ed",,,
665.92,"Unspecified obstetrical trauma, delivered, with mention of postpartum condition",,,,,
665.94,"Unspecified obstetrical trauma, postpartum condition or complication",,,,,
,,O72,Postpartum hemorrhage,,,
666.02,"Third-stage postpartum hemorrhage, delivered, with mention of postpartum complication",O72.0,Third-stage hemorrhage,,,
666.04,"Third-stage postpartum hemorrhage, postpartum condition or complication",,,,,
666.12,"Other immediate postpartum hemorrhage, delivered, with mention of postpartum complication",O72.1,Other immediate postpartum hemorrhage,,,
666.14,"Other immediate postpartum hemorrhage, postpartum condition or complication",,,,,
666.22,"Delayed and secondary postpartum hemorrhage, delivered, with mention of postpartum complication",O72.2,Delayed and secondary postpartum hemorrhage,,,
666.24,"Delayed and secondary postpartum hemorrhage, postpartum condition or complication",,,,,
666.32,"Postpartum coagulation defects, delivered, with mention of postpartum complication",O72.3,Postpartum coagulation defects,,,
666.34,"Postpartum coagulation defects, postpartum condition or complication",,,,,
,,O73,"Retained placenta and membranes, without hemorrhage",,,
667,"Retained placenta without hemorrhage, unspecified as to episode of care or not applicable",O73.0,Retained placenta without hemorrhage; Placenta accreta without hemorrhage,,,
667.02,"Retained placenta without hemorrhage, delivered, with mention of postpartum complication",,,,,
667.04,"Retained placenta without hemorrhage, postpartum condition or complication",,,,,
667.1,"Retained portions of placenta or membranes, without hemorrhage, unspecified as to episode of care or not applicable",O73.1,"Retained portions of placenta and membranes, without hemorrhage; Retained products of conception following delivery, without hemorrhage",,,
667.12,"Retained portions of placenta or membranes, without hemorrhage, delivered, with mention of postpartum complication",,,,,
667.14,"Retained portions of placenta or membranes, without hemorrhage, postpartum condition or complication",,,,,
,,O74,Complications of anesthesia during labor and delivery,,,
668.01,"Pulmonary complications of anesthesia or other sedation in labor and delivery, delivered, with or without mention of antepartum condition",O74.0,Aspiration pneumonitis due to anesthesia during labor and delivery,,,
668.02,"Pulmonary complications of anesthesia or other sedation in labor and delivery, delivered, with mention of postpartum complication",,,,,
668.01,"Pulmonary complications of anesthesia or other sedation in labor and delivery, delivered, with or without mention of antepartum condition",O74.1,Other pulmonary complications of anesthesia during labor and delivery,,,
668.02,"Pulmonary complications of anesthesia or other sedation in labor and delivery, delivered, with mention of postpartum complication",,,,,
668.11,"Cardiac complications of anesthesia or other sedation in labor and delivery, delivered, with or without mention of antepartum condition",O74.2,Cardiac complications of anesthesia during labor and delivery,,,
668.12,"Cardiac complications of anesthesia or other sedation in labor and delivery, delivered, with mention of postpartum complication",,,,,
668.21,"Central nervous system complications of anesthesia or other sedation in labor and delivery, delivered, with or without mention of antepartum condition",O74.3,Central nervous system complications of anesthesia during labor and delivery,,,
668.22,"Central nervous system complications of anesthesia or other sedation in labor and delivery, delivered, with mention of postpartum complication",,,,,
668.81,"Other complications of anesthesia or other sedation in labor and delivery, delivered, with or without mention of antepartum condition",O74.4,Toxic reaction to local anesthesia during labor and delivery,,,
668.82,"Other complications of anesthesia or other sedation in labor and delivery, delivered, with mention of postpartum complication",,,,,
668.81,"Other complications of anesthesia or other sedation in labor and delivery, delivered, with or without mention of antepartum condition",O74.5,Spinal and epidural anesthesia-induced headache during labor and delivery,,,
668.82,"Other complications of anesthesia or other sedation in labor and delivery, delivered, with mention of postpartum complication",,,,,
668.81,"Other complications of anesthesia or other sedation in labor and delivery, delivered, with or without mention of antepartum condition",O74.6,Other complications of spinal and epidural anesthesia during labor and delivery,,,
668.82,"Other complications of anesthesia or other sedation in labor and delivery, delivered, with mention of postpartum complication",,,,,
668.81,"Other complications of anesthesia or other sedation in labor and delivery, delivered, with or without mention of antepartum condition",O74.7,Failed or dif?cult intubation during labor and delivery,,,
668.82,"Other complications of anesthesia or other sedation in labor and delivery, delivered, with mention of postpartum complication",,,,,
668.81,"Other complications of anesthesia or other sedation in labor and delivery, delivered, with or without mention of antepartum condition",O74.8,Other complications of anesthesia during labor and delivery,,,
668.82,"Other complications of anesthesia or other sedation in labor and delivery, delivered, with mention of postpartum complication",,,,,
668.91,"Unspecified complication of anesthesia and other sedation in labor and delivery, delivered, with or without mention of antepartum condition",O74.9,"Complication of anesthesia during labor and delivery, unspeci?ed",,,
668.92,"Unspecified complication of anesthesia and other sedation in labor and delivery, delivered, with mention of postpartum complication",,,,,
,,O75,"Other complications of labor and delivery, not elsewhere classi?ed",,,
669.01,"Maternal distress complicating labor and delivery, delivered, with or without mention of antepartum condition",O75.0,Maternal distress during labor and delivery,,,
669.02,"Maternal distress complicating labor and delivery, delivered, with mention of postpartum complication",,,,,
669.04,"Maternal distress complicating labor and delivery, postpartum condition or complication",,,,,
669.11,"Shock during or following labor and delivery, delivered, with or without mention of antepartum condition",O75.1,Shock during or following labor and delivery,,,
669.12,"Shock during or following labor and delivery, delivered, with mention of postpartum complication",,,,,
669.14,"Shock during or following labor and delivery, postpartum condition or complication",,,,,
659.21,"Maternal pyrexia during labor, unspecified, delivered, with or without mention of antepartum condition",O75.2,"Pyrexia during labor, not elsewhere classi?ed",,,
659.31,"Generalized infection during labor, delivered, with or without mention of antepartum condition",O75.3,Other infection during labor,,,
669.41,"Other complications of obstetrical surgery and procedures, delivered, with or without mention of antepartum condition",O75.4,Other complications of obstetric surgery and procedures,,,
669.42,"Other complications of obstetrical surgery and procedures, delivered, with mention of postpartum complication",,,,,
669.44,"Other complications of obstetrical surgery and procedures, postpartum condition or complication",,,,,
658.31,"Delayed delivery after artificial rupture of membranes, delivered, with or without mention of antepartum condition",O75.5,Delayed delivery after arti?cial rupture of membranes,,,
,,O75.6,Delayed delivery after spontaneous or unspeci?ed rupture of membranes,,,
,,O75.7,Vaginal delivery following previous caesarean section,,,
,,O75.8,Other speci?ed complications of labor and delivery,,,
659.91,"Unspecified indication for care or intervention related to labor and delivery, delivered, with or without mention of antepartum condition",O75.9,"Complication of labor and delivery, unspeci?ed",,,
669.91,"Unspecified complication of labor and delivery, delivered, with or without mention of antepartum condition",,,,,
669.92,"Unspecified complication of labor and delivery, delivered, with mention of postpartum complication",,,,,
669.94,"Unspecified complication of labor and delivery, postpartum condition or complication",,,,,
Complications predominantly related to the puerperium (O85–O92),,,,,,
670.22,"Puerperal sepsis, delivered, with mention of postpartum complication",O85,Puerperal sepsis,,,
670.24,"Puerperal sepsis, postpartum condition or complication",,,,,
,,O86,Other puerperal infections,,,
674.32,"Other complications of obstetrical surgical wounds, delivered, with mention of postpartum complication",O86.0,Infection of obstetric surgical wound,,,
674.34,"Other complications of obstetrical surgical wounds, postpartum condition or complication",,,,,
,,O86.1,Other infection of genital tract following delivery,,,
,,O86.2,Urinary tract infection following delivery,,,
,,O86.3,Other genitourinary tract infections following delivery,,,
672.02,"Pyrexia of unknown origin during the puerperium, delivered, with mention of postpartum complication",O86.4,Pyrexia of unknown origin following delivery,,,
672.04,"Pyrexia of unknown origin during the puerperium, postpartum condition or complication",,,,,
,,O86.8,Other speci?ed puerperal infections,,,
,,O87,Venous complications in the puerperium,,,
671.22,"Superficial thrombophlebitis complicating pregnancy and the puerperium, delivered, with mention of postpartum complication",O87.0,Super?cial thrombophlebitis in the puerperium,,,
671.24,"Superficial thrombophlebitis complicating pregnancy and the puerperium, postpartum condition or complication",,,,,
671.42,"Deep phlebothrombosis, postpartum, delivered, with mention of postpartum complication",O87.1,Deep phlebothrombosis in the puerperium,,,
671.44,"Deep phlebothrombosis, postpartum, postpartum condition or complication",,,,,
671.82,"Other venous complications of pregnancy and the puerperium, delivered, with mention of postpartum complication",O87.2,Hemorrhoids in the puerperium,,,
671.84,"Other venous complications of pregnancy and the puerperium, postpartum condition or complication",,,,,
671.52,"Other phlebitis and thrombosis complicating pregnancy and the puerperium, delivered, with mention of postpartum complication",O87.3,Cerebral venous thrombosis in the puerperium,,,
671.54,"Other phlebitis and thrombosis complicating pregnancy and the puerperium, postpartum condition or complication",,,,,
671.82,"Other venous complications of pregnancy and the puerperium, delivered, with mention of postpartum complication",O87.8,Other venous complications in the puerperium,,,
671.84,"Other venous complications of pregnancy and the puerperium, postpartum condition or complication",,,,,
671.92,"Unspecified venous complication of pregnancy and the puerperium, delivered, with mention of postpartum complication",O87.9,"Venous complication in the puerperium, unspeci?ed",,,
671.94,"Unspecified venous complication of pregnancy and the puerperium, postpartum condition or complication",,,,,
,,O88,Obstetric embolism,,,
673,Obstetrical air embolism,O88.0,Obstetric air embolism,,,
673.1-,Amniotic fluid embolism,O88.1,Amniotic ?uid embolism,,,
673.2-,Obstetrical blood-clot embolism,O88.2,Obstetric blood-clot embolism,,,
673.3-,Obstetrical pyemic and septic embolism,O88.3,Obstetric pyemic and septic embolism,,,
673.8-,Other obstetrical pulmonary embolism,O88.8,Other obstetric embolism; Obstetric fat embolism,,,
,,O89,Complications of anesthesia during the puerperium,,,
,,O89.0,Pulmonary complications of anesthesia during the puerperium,,,
668.14,"Cardiac complications of anesthesia or other sedation in labor and delivery, postpartum condition or complication",O89.1,Cardiac complications of anesthesia during the puerperium,,,
668.24,"Central nervous system complications of anesthesia or other sedation in labor and delivery, postpartum condition or complication",O89.2,Central nervous system complications of anesthesia during the puerperium,,,
668.84,"Other complications of anesthesia or other sedation in labor and delivery, postpartum condition or complication",O89.3,Toxic reaction to local anesthesia during the puerperium,,,
,,O89.4,Spinal and epidural anesthesia-induced headache during the puerperium,,,
,,O89.5,Other complications of spinal and epidural anesthesia during the puerperium,,,
,,O89.6,Failed or dif?cult intubation during the puerperium,,,
662.82,"Other complications of anesthesia or other sedation in labor and delivery, delivered, with mention of postpartum complication",O89.8,Other complications of anesthesia during the puerperium,,,
662.84,"Other complications of anesthesia or other sedation in labor and delivery, postpartum condition or complication",,,,,
662.82,"Other complications of anesthesia or other sedation in labor and delivery, delivered, with mention of postpartum complication",O89.9,"Complication of anesthesia during the puerperium, unspeci?ed",,,
662.84,"Other complications of anesthesia or other sedation in labor and delivery, postpartum condition or complication",,,,,
,,O90,"Complications of the puerperium, not elsewhere classi?ed",,,
674.12,"Disruption of cesarean wound, delivered, with mention of postpartum complication",O90.0,Disruption of caesarean section wound,,,
674.14,"Disruption of cesarean wound, postpartum condition or complication",,,,,
674.22,"Disruption of perineal wound, delivered, with mention of postpartum complication",O90.1,Disruption of perineal obstetric wound,,,
674.24,"Disruption of perineal wound, postpartum condition or complication",,,,,
674.32,"Other complications of obstetrical surgical wounds, delivered, with mention of postpartum complication",O90.2,Hematoma of obstetric wound,,,
674.52,"Peripartum cardiomyopathy, delivered, with mention of postpartum condition",O90.3,Cardiomyopathy in the puerperium,,,
674.54,"Peripartum cardiomyopathy, postpartum condition or complication",,,,,
669.32,"Acute kidney failure following labor and delivery, delivered, with mention of postpartum complication",O90.4,Postpartum acute renal failure,,,
669.34,"Acute kidney failure following labor and delivery, postpartum condition or complication",,,,,
648.12,"Thyroid dysfunction of mother, delivered, with mention of postpartum complication",O90.5,Postpartum thyroiditis,,,
648.14,"Thyroid dysfunction of mother, postpartum condition or complication",,,,,
,,O90.8,"Other complications of the puerperium, not elsewhere classi?ed",,,
674.92,"Unspecified complications of puerperium, delivered, with mention of postpartum complication",O90.9,"Complication of the puerperium, unspeci?ed",,,
674.94,"Unspecified complications of puerperium, postpartum condition or complication",,,,,
675,Infections of the brest and nipple associated with childbirth,O91,Infections of breast associated with childbirth,,,
675,Infections of the brest and nipple associated with childbirth,O91.0,Infection of nipple associated with childbirth,,,
675.1-,Abcess of breast associated with childbirth,O91.1,Abscess of breast associated with childbirth,,,
675.2-,Nonpurulent mastitis associated with childbirth,O91.2,Nonpurulent mastitis associated with childbirth,,,
676,Other disorders of the breast associated with childbirth and disorders of lactation,O92,Other disorders of breast and lactation associated with childbirth,,,
676.0-,Retracted nipple associated with childbirth,O92.0,Retracted nipple associated with childbirth,,,
676.1-,Cracked nipple associated with childbirth,O92.1,Cracked nipple,,,
676.3-,Other and unspecified disorder of breast associated with childbirth,O92.2,Other and unspeci?ed disorders of breast associated with childbirth,,,
676.42,"Failure of lactation, delivered, with mention of postpartum complication",O92.3,Agalactia,,,
676.44,"Failure of lactation, postpartum condition or complciation",,,,,
676.84,"Other disorders of lactation, postpartum condition or complication",O92.4,Hypogalactia,,,
676.52,"Suppressed lactation, delivered, with mention of postpartum complication",O92.5,Suppressed lactation,,,
676.54,"Suppressed lactation, postpartum condition or complication",,,,,
676.62,"Galactorrhea associated with childbirth, delivered, with mention of postpartum complication",O92.6,Galactorrhea,,,
676.64,"Galactorrhea associated with childbirth, postpartum condition or complication",,,,,
,,O92.7,Other and unspeci?ed disorders of lactation,,,
"Other obstetric conditions, not elsewhere classi?ed (O95–O99)",,,,,,
,,O95,Obstetric death of unspeci?ed cause,,,
,,O96,Death from any obstetric cause occurring more than 42 days but less than 1 year after delivery,,,
,,O96.0,Death from direct obstetric cause occurring more than 42 days but less than 1 year after delivery,,,
,,O96.1,Death from indirect obstetric cause occurring more than 42 days but less than 1 year after delivery,,,
,,O96.9,Death from unspeci?ed obstetric cause occurring more than 42 days but less than 1 year after delivery,,,
,,O97,Death from sequelae of direct obstetric causes,,,
,,O97.0,Death from sequelae of direct obstetric cause,,,
,,O97.1,Death from sequelae of indirect obstetric cause,,,
,,O97.9,"Death from sequelae of obstetric cause, unspeci?ed",,,
760.2,Maternal infections affecting fetus or newborn,O98,"Maternal infectious and parasitic diseases classi?able elsewhere but complicating pregnancy,childbirth, and the puerperium",,,
647.3,Tuberculosis complicating pregnancy childbirth or the puerperium,O98.0,"Tuberculosis complicating pregnancy, childbirth, and the puerperium",,,
647,Syphilis complicating pregnancy childbirth or the puerperium,O98.1,"Syphilis complicating pregnancy, childbirth, and the puerperium",,,
647.1,Gonorrhea complicating pregnancy childbirth or the puerperium,O98.2,"Gonorrhea complicating pregnancy, childbirth, and the puerperium",,,
647.9,Unspecified infection or infestation complicating pregnancy childbirth or the puerperium,O98.3,"Other infections with a predominantly sexual mode of transmission complicating pregnancy, childbirth, and the puerperium",,,
,,O98.4,"Viral hepatitis complicating pregnancy, childbirth, and the puerperium",,,
647.6,Other viral diseases complicating pregnancy childbirth or the puerperium,O98.5,"Other viral diseases complicating pregnancy, childbirth, and the puerperium",,,
,,O98.6,"Protozoal diseases complicating pregnancy, childbirth, and the puerperium",,,
,,O98.7,"Human immunode?ciency (HIV) disease complicating pregnancy, childbirth, and the puerperium",,,
647.8,Other specified infectious and parasitic diseases complicating pregnancy childbirth or the puerperium,O98.8,"Other maternal infectious and parasitic diseases complicating pregnancy, childbirth, and the puerperium",,,
647.9,Unspecified infection or infestation complicating pregnancy childbirth or the puerperium,O98.9,"Unspeci?ed maternal infectious or parasitic disease complicating pregnancy, childbirth, and the puerperium",,,
,,O99,"Other maternal diseases classi?able elsewhere but complicating pregnancy, childbirth, and the puerperium",,,
648.2,Anemia complicating pregnancy childbirth or the puerperium,O99.0,"Anemia complicating pregnancy, childbirth, and the puerperium",,,
,,O99.1,Other diseases of the blood and blood-forming organs and certain disorders involving the immune mechanism,,,
,,O99.2,"Endocrine, nutritional, and metabolic diseases complicating pregnancy, childbirth, and the puerperium",,,
648.4,Mental disorders complicating pregnancy childbirth or the puerperium,O99.3,"Mental disorders and diseases of the nervous system complicating pregnancy, childbirth, and the puerperium",,,
760.3,Other chronic maternal circulatory and respiratory diseases affecting fetus or newborn,O99.4,"Diseases of the circulatory system complicating pregnancy, childbirth, and the puerperium",,,
760.3,Other chronic maternal circulatory and respiratory diseases affecting fetus or newborn,O99.5,"Diseases of the respiratory system complicating pregnancy, childbirth, and the puerperium",,,
,,O99.6,"Diseases of the digestive system complicating pregnancy, childbirth, and the puerperium",,,
,,O99.7,"Diseases of the skin and subcutaneous tissue complicating pregnancy, childbirth, and the puerperium",,,
,,O99.8,"Other speci?ed diseases and conditions complicating pregnancy, childbirth, and the puerperium",,,
,,,,,,
,,,,,,
,,"HELLP = hemolysis, elevated liver enzymes, low platelet count; ICD-10 = International Classi?cation of Diseases, 10th Revision; NOS = not otherwise speci?ed.",,,,
,,,,,,
,,,,,,
,,* From references 18 and 21.,,,,
